packet_index,strategy_id,path_id,sequence_num,fragment_id,total_fragments,send_delay_ms,arrival_time_ms,ip_id_decimal,ip_id_hex,target_packet_length,packet_length,payload_bytes,analysis_hint
0,5,0,1,0,444,0.0,0.0,53670,0xd1a6,,72,32,路径序列：IP-ID标识path/片段序号，每三个path_id排列承载2 bit
1,5,2,1,1,444,0.0,0.0,56100,0xdb24,,72,32,路径序列：IP-ID标识path/片段序号，每三个path_id排列承载2 bit
2,5,1,1,2,444,0.0,0.0,55253,0xd7d5,,72,32,路径序列：IP-ID标识path/片段序号，每三个path_id排列承载2 bit
3,5,0,1,3,444,0.0,0.0,53669,0xd1a5,,72,32,路径序列：IP-ID标识path/片段序号，每三个path_id排列承载2 bit
4,5,2,1,4,444,0.0,0.0,56097,0xdb21,,72,32,路径序列：IP-ID标识path/片段序号，每三个path_id排列承载2 bit
5,5,1,1,5,444,0.0,0.0,55250,0xd7d2,,72,32,路径序列：IP-ID标识path/片段序号，每三个path_id排列承载2 bit
6,5,0,1,6,444,0.0,0.0,53664,0xd1a0,,72,32,路径序列：IP-ID标识path/片段序号，每三个path_id排列承载2 bit
7,5,1,1,7,444,0.0,0.0,55248,0xd7d0,,72,32,路径序列：IP-ID标识path/片段序号，每三个path_id排列承载2 bit
8,5,2,1,8,444,0.0,0.0,56109,0xdb2d,,72,32,路径序列：IP-ID标识path/片段序号，每三个path_id排列承载2 bit
9,5,0,1,9,444,0.0,0.0,53679,0xd1af,,72,32,路径序列：IP-ID标识path/片段序号，每三个path_id排列承载2 bit
10,5,1,1,10,444,0.0,0.0,55261,0xd7dd,,72,32,路径序列：IP-ID标识path/片段序号，每三个path_id排列承载2 bit
11,5,2,1,11,444,0.0,0.0,56110,0xdb2e,,72,32,路径序列：IP-ID标识path/片段序号，每三个path_id排列承载2 bit
12,5,0,1,12,444,0.0,0.0,53674,0xd1aa,,72,32,路径序列：IP-ID标识path/片段序号，每三个path_id排列承载2 bit
13,5,1,1,13,444,0.0,0.0,55258,0xd7da,,72,32,路径序列：IP-ID标识path/片段序号，每三个path_id排列承载2 bit
14,5,2,1,14,444,0.0,0.0,56107,0xdb2b,,72,32,路径序列：IP-ID标识path/片段序号，每三个path_id排列承载2 bit
15,5,1,1,15,444,0.0,0.0,55256,0xd7d8,,72,32,路径序列：IP-ID标识path/片段序号，每三个path_id排列承载2 bit
16,5,2,1,16,444,0.0,0.0,56117,0xdb35,,72,32,路径序列：IP-ID标识path/片段序号，每三个path_id排列承载2 bit
17,5,0,1,17,444,0.0,0.0,53687,0xd1b7,,72,32,路径序列：IP-ID标识path/片段序号，每三个path_id排列承载2 bit
18,5,0,1,18,444,0.0,0.0,53684,0xd1b4,,72,32,路径序列：IP-ID标识path/片段序号，每三个path_id排列承载2 bit
19,5,2,1,19,444,0.0,0.0,56118,0xdb36,,72,32,路径序列：IP-ID标识path/片段序号，每三个path_id排列承载2 bit
20,5,1,1,20,444,0.0,0.0,55235,0xd7c3,,72,32,路径序列：IP-ID标识path/片段序号，每三个path_id排列承载2 bit
21,5,0,1,21,444,0.0,0.0,53683,0xd1b3,,72,32,路径序列：IP-ID标识path/片段序号，每三个path_id排列承载2 bit
22,5,2,1,22,444,0.0,0.0,56115,0xdb33,,72,32,路径序列：IP-ID标识path/片段序号，每三个path_id排列承载2 bit
23,5,1,1,23,444,0.0,0.0,55232,0xd7c0,,72,32,路径序列：IP-ID标识path/片段序号，每三个path_id排列承载2 bit
24,5,0,1,24,444,0.0,0.0,53694,0xd1be,,72,32,路径序列：IP-ID标识path/片段序号，每三个path_id排列承载2 bit
25,5,1,1,25,444,0.0,0.0,55246,0xd7ce,,72,32,路径序列：IP-ID标识path/片段序号，每三个path_id排列承载2 bit
26,5,2,1,26,444,0.0,0.0,56127,0xdb3f,,72,32,路径序列：IP-ID标识path/片段序号，每三个path_id排列承载2 bit
27,5,0,1,27,444,0.0,0.0,53693,0xd1bd,,72,32,路径序列：IP-ID标识path/片段序号，每三个path_id排列承载2 bit
28,5,1,1,28,444,0.0,0.0,55243,0xd7cb,,72,32,路径序列：IP-ID标识path/片段序号，每三个path_id排列承载2 bit
29,5,2,1,29,444,0.0,0.0,56120,0xdb38,,72,32,路径序列：IP-ID标识path/片段序号，每三个path_id排列承载2 bit
30,5,0,1,30,444,0.0,0.0,53688,0xd1b8,,72,32,路径序列：IP-ID标识path/片段序号，每三个path_id排列承载2 bit
31,5,1,1,31,444,0.0,0.0,55240,0xd7c8,,72,32,路径序列：IP-ID标识path/片段序号，每三个path_id排列承载2 bit
32,5,2,1,32,444,0.0,0.0,56069,0xdb05,,72,32,路径序列：IP-ID标识path/片段序号，每三个path_id排列承载2 bit
33,5,0,1,33,444,0.0,0.0,53639,0xd187,,72,32,路径序列：IP-ID标识path/片段序号，每三个path_id排列承载2 bit
34,5,1,1,34,444,0.0,0.0,55285,0xd7f5,,72,32,路径序列：IP-ID标识path/片段序号，每三个path_id排列承载2 bit
35,5,2,1,35,444,0.0,0.0,56070,0xdb06,,72,32,路径序列：IP-ID标识path/片段序号，每三个path_id排列承载2 bit
36,5,0,1,36,444,0.0,0.0,53634,0xd182,,72,32,路径序列：IP-ID标识path/片段序号，每三个path_id排列承载2 bit
37,5,1,1,37,444,0.0,0.0,55282,0xd7f2,,72,32,路径序列：IP-ID标识path/片段序号，每三个path_id排列承载2 bit
38,5,2,1,38,444,0.0,0.0,56067,0xdb03,,72,32,路径序列：IP-ID标识path/片段序号，每三个path_id排列承载2 bit
39,5,0,1,39,444,0.0,0.0,53633,0xd181,,72,32,路径序列：IP-ID标识path/片段序号，每三个path_id排列承载2 bit
40,5,2,1,40,444,0.0,0.0,56077,0xdb0d,,72,32,路径序列：IP-ID标识path/片段序号，每三个path_id排列承载2 bit
41,5,1,1,41,444,0.0,0.0,55294,0xd7fe,,72,32,路径序列：IP-ID标识path/片段序号，每三个path_id排列承载2 bit
42,5,1,1,42,444,0.0,0.0,55293,0xd7fd,,72,32,路径序列：IP-ID标识path/片段序号，每三个path_id排列承载2 bit
43,5,2,1,43,444,0.0,0.0,56078,0xdb0e,,72,32,路径序列：IP-ID标识path/片段序号，每三个path_id排列承载2 bit
44,5,0,1,44,444,0.0,0.0,53642,0xd18a,,72,32,路径序列：IP-ID标识path/片段序号，每三个path_id排列承载2 bit
45,5,0,1,45,444,0.0,0.0,53643,0xd18b,,72,32,路径序列：IP-ID标识path/片段序号，每三个path_id排列承载2 bit
46,5,2,1,46,444,0.0,0.0,56075,0xdb0b,,72,32,路径序列：IP-ID标识path/片段序号，每三个path_id排列承载2 bit
47,5,1,1,47,444,0.0,0.0,55288,0xd7f8,,72,32,路径序列：IP-ID标识path/片段序号，每三个path_id排列承载2 bit
48,5,0,1,48,444,0.0,0.0,53654,0xd196,,72,32,路径序列：IP-ID标识path/片段序号，每三个path_id排列承载2 bit
49,5,1,1,49,444,0.0,0.0,55270,0xd7e6,,72,32,路径序列：IP-ID标识path/片段序号，每三个path_id排列承载2 bit
50,5,2,1,50,444,0.0,0.0,56087,0xdb17,,72,32,路径序列：IP-ID标识path/片段序号，每三个path_id排列承载2 bit
51,5,0,1,51,444,0.0,0.0,53653,0xd195,,72,32,路径序列：IP-ID标识path/片段序号，每三个path_id排列承载2 bit
52,5,2,1,52,444,0.0,0.0,56081,0xdb11,,72,32,路径序列：IP-ID标识path/片段序号，每三个path_id排列承载2 bit
53,5,1,1,53,444,0.0,0.0,55266,0xd7e2,,72,32,路径序列：IP-ID标识path/片段序号，每三个path_id排列承载2 bit
54,5,0,1,54,444,0.0,0.0,53648,0xd190,,72,32,路径序列：IP-ID标识path/片段序号，每三个path_id排列承载2 bit
55,5,2,1,55,444,0.0,0.0,56082,0xdb12,,72,32,路径序列：IP-ID标识path/片段序号，每三个path_id排列承载2 bit
56,5,1,1,56,444,0.0,0.0,55279,0xd7ef,,72,32,路径序列：IP-ID标识path/片段序号，每三个path_id排列承载2 bit
57,5,0,1,57,444,0.0,0.0,53663,0xd19f,,72,32,路径序列：IP-ID标识path/片段序号，每三个path_id排列承载2 bit
58,5,2,1,58,444,0.0,0.0,56095,0xdb1f,,72,32,路径序列：IP-ID标识path/片段序号，每三个path_id排列承载2 bit
59,5,1,1,59,444,0.0,0.0,55276,0xd7ec,,72,32,路径序列：IP-ID标识path/片段序号，每三个path_id排列承载2 bit
60,5,0,1,60,444,0.0,0.0,53658,0xd19a,,72,32,路径序列：IP-ID标识path/片段序号，每三个path_id排列承载2 bit
61,5,1,1,61,444,0.0,0.0,55274,0xd7ea,,72,32,路径序列：IP-ID标识path/片段序号，每三个path_id排列承载2 bit
62,5,2,1,62,444,0.0,0.0,56091,0xdb1b,,72,32,路径序列：IP-ID标识path/片段序号，每三个path_id排列承载2 bit
63,5,1,1,63,444,0.0,0.0,55272,0xd7e8,,72,32,路径序列：IP-ID标识path/片段序号，每三个path_id排列承载2 bit
64,5,2,1,64,444,0.0,0.0,56165,0xdb65,,72,32,路径序列：IP-ID标识path/片段序号，每三个path_id排列承载2 bit
65,5,0,1,65,444,0.0,0.0,53735,0xd1e7,,72,32,路径序列：IP-ID标识path/片段序号，每三个path_id排列承载2 bit
66,5,1,1,66,444,0.0,0.0,55189,0xd795,,72,32,路径序列：IP-ID标识path/片段序号，每三个path_id排列承载2 bit
67,5,2,1,67,444,0.0,0.0,56166,0xdb66,,72,32,路径序列：IP-ID标识path/片段序号，每三个path_id排列承载2 bit
68,5,0,1,68,444,0.0,0.0,53730,0xd1e2,,72,32,路径序列：IP-ID标识path/片段序号，每三个path_id排列承载2 bit
69,5,1,1,69,444,0.0,0.0,55186,0xd792,,72,32,路径序列：IP-ID标识path/片段序号，每三个path_id排列承载2 bit
70,5,0,1,70,444,0.0,0.0,53728,0xd1e0,,72,32,路径序列：IP-ID标识path/片段序号，每三个path_id排列承载2 bit
71,5,2,1,71,444,0.0,0.0,56162,0xdb62,,72,32,路径序列：IP-ID标识path/片段序号，每三个path_id排列承载2 bit
72,5,0,1,72,444,0.0,0.0,53742,0xd1ee,,72,32,路径序列：IP-ID标识path/片段序号，每三个path_id排列承载2 bit
73,5,2,1,73,444,0.0,0.0,56172,0xdb6c,,72,32,路径序列：IP-ID标识path/片段序号，每三个path_id排列承载2 bit
74,5,1,1,74,444,0.0,0.0,55197,0xd79d,,72,32,路径序列：IP-ID标识path/片段序号，每三个path_id排列承载2 bit
75,5,1,1,75,444,0.0,0.0,55196,0xd79c,,72,32,路径序列：IP-ID标识path/片段序号，每三个path_id排列承载2 bit
76,5,2,1,76,444,0.0,0.0,56169,0xdb69,,72,32,路径序列：IP-ID标识path/片段序号，每三个path_id排列承载2 bit
77,5,0,1,77,444,0.0,0.0,53739,0xd1eb,,72,32,路径序列：IP-ID标识path/片段序号，每三个path_id排列承载2 bit
78,5,1,1,78,444,0.0,0.0,55193,0xd799,,72,32,路径序列：IP-ID标识path/片段序号，每三个path_id排列承载2 bit
79,5,0,1,79,444,0.0,0.0,53737,0xd1e9,,72,32,路径序列：IP-ID标识path/片段序号，每三个path_id排列承载2 bit
80,5,2,1,80,444,0.0,0.0,56181,0xdb75,,72,32,路径序列：IP-ID标识path/片段序号，每三个path_id排列承载2 bit
81,5,0,1,81,444,0.0,0.0,53751,0xd1f7,,72,32,路径序列：IP-ID标识path/片段序号，每三个path_id排列承载2 bit
82,5,2,1,82,444,0.0,0.0,56183,0xdb77,,72,32,路径序列：IP-ID标识path/片段序号，每三个path_id排列承载2 bit
83,5,1,1,83,444,0.0,0.0,55172,0xd784,,72,32,路径序列：IP-ID标识path/片段序号，每三个path_id排列承载2 bit
84,5,0,1,84,444,0.0,0.0,53746,0xd1f2,,72,32,路径序列：IP-ID标识path/片段序号，每三个path_id排列承载2 bit
85,5,1,1,85,444,0.0,0.0,55170,0xd782,,72,32,路径序列：IP-ID标识path/片段序号，每三个path_id排列承载2 bit
86,5,2,1,86,444,0.0,0.0,56179,0xdb73,,72,32,路径序列：IP-ID标识path/片段序号，每三个path_id排列承载2 bit
87,5,1,1,87,444,0.0,0.0,55168,0xd780,,72,32,路径序列：IP-ID标识path/片段序号，每三个path_id排列承载2 bit
88,5,0,1,88,444,0.0,0.0,53758,0xd1fe,,72,32,路径序列：IP-ID标识path/片段序号，每三个path_id排列承载2 bit
89,5,2,1,89,444,0.0,0.0,56188,0xdb7c,,72,32,路径序列：IP-ID标识path/片段序号，每三个path_id排列承载2 bit
90,5,1,1,90,444,0.0,0.0,55181,0xd78d,,72,32,路径序列：IP-ID标识path/片段序号，每三个path_id排列承载2 bit
91,5,0,1,91,444,0.0,0.0,53757,0xd1fd,,72,32,路径序列：IP-ID标识path/片段序号，每三个path_id排列承载2 bit
92,5,2,1,92,444,0.0,0.0,56185,0xdb79,,72,32,路径序列：IP-ID标识path/片段序号，每三个path_id排列承载2 bit
93,5,1,1,93,444,0.0,0.0,55178,0xd78a,,72,32,路径序列：IP-ID标识path/片段序号，每三个path_id排列承载2 bit
94,5,2,1,94,444,0.0,0.0,56187,0xdb7b,,72,32,路径序列：IP-ID标识path/片段序号，每三个path_id排列承载2 bit
95,5,0,1,95,444,0.0,0.0,53753,0xd1f9,,72,32,路径序列：IP-ID标识path/片段序号，每三个path_id排列承载2 bit
96,5,0,1,96,444,0.0,0.0,53702,0xd1c6,,72,32,路径序列：IP-ID标识path/片段序号，每三个path_id排列承载2 bit
97,5,1,1,97,444,0.0,0.0,55222,0xd7b6,,72,32,路径序列：IP-ID标识path/片段序号，每三个path_id排列承载2 bit
98,5,2,1,98,444,0.0,0.0,56135,0xdb47,,72,32,路径序列：IP-ID标识path/片段序号，每三个path_id排列承载2 bit
99,5,1,1,99,444,0.0,0.0,55220,0xd7b4,,72,32,路径序列：IP-ID标识path/片段序号，每三个path_id排列承载2 bit
100,5,2,1,100,444,0.0,0.0,56129,0xdb41,,72,32,路径序列：IP-ID标识path/片段序号，每三个path_id排列承载2 bit
101,5,0,1,101,444,0.0,0.0,53699,0xd1c3,,72,32,路径序列：IP-ID标识path/片段序号，每三个path_id排列承载2 bit
102,5,0,1,102,444,0.0,0.0,53696,0xd1c0,,72,32,路径序列：IP-ID标识path/片段序号，每三个path_id排列承载2 bit
103,5,1,1,103,444,0.0,0.0,55216,0xd7b0,,72,32,路径序列：IP-ID标识path/片段序号，每三个path_id排列承载2 bit
104,5,2,1,104,444,0.0,0.0,56141,0xdb4d,,72,32,路径序列：IP-ID标识path/片段序号，每三个path_id排列承载2 bit
105,5,0,1,105,444,0.0,0.0,53711,0xd1cf,,72,32,路径序列：IP-ID标识path/片段序号，每三个path_id排列承载2 bit
106,5,2,1,106,444,0.0,0.0,56143,0xdb4f,,72,32,路径序列：IP-ID标识path/片段序号，每三个path_id排列承载2 bit
107,5,1,1,107,444,0.0,0.0,55228,0xd7bc,,72,32,路径序列：IP-ID标识path/片段序号，每三个path_id排列承载2 bit
108,5,0,1,108,444,0.0,0.0,53706,0xd1ca,,72,32,路径序列：IP-ID标识path/片段序号，每三个path_id排列承载2 bit
109,5,1,1,109,444,0.0,0.0,55226,0xd7ba,,72,32,路径序列：IP-ID标识path/片段序号，每三个path_id排列承载2 bit
110,5,2,1,110,444,0.0,0.0,56139,0xdb4b,,72,32,路径序列：IP-ID标识path/片段序号，每三个path_id排列承载2 bit
111,5,1,1,111,444,0.0,0.0,55224,0xd7b8,,72,32,路径序列：IP-ID标识path/片段序号，每三个path_id排列承载2 bit
112,5,2,1,112,444,0.0,0.0,56149,0xdb55,,72,32,路径序列：IP-ID标识path/片段序号，每三个path_id排列承载2 bit
113,5,0,1,113,444,0.0,0.0,53719,0xd1d7,,72,32,路径序列：IP-ID标识path/片段序号，每三个path_id排列承载2 bit
114,5,0,1,114,444,0.0,0.0,53716,0xd1d4,,72,32,路径序列：IP-ID标识path/片段序号，每三个path_id排列承载2 bit
115,5,1,1,115,444,0.0,0.0,55204,0xd7a4,,72,32,路径序列：IP-ID标识path/片段序号，每三个path_id排列承载2 bit
116,5,2,1,116,444,0.0,0.0,56145,0xdb51,,72,32,路径序列：IP-ID标识path/片段序号，每三个path_id排列承载2 bit
117,5,0,1,117,444,0.0,0.0,53715,0xd1d3,,72,32,路径序列：IP-ID标识path/片段序号，每三个path_id排列承载2 bit
118,5,1,1,118,444,0.0,0.0,55201,0xd7a1,,72,32,路径序列：IP-ID标识path/片段序号，每三个path_id排列承载2 bit
119,5,2,1,119,444,0.0,0.0,56146,0xdb52,,72,32,路径序列：IP-ID标识path/片段序号，每三个path_id排列承载2 bit
120,5,0,1,120,444,0.0,0.0,53726,0xd1de,,72,32,路径序列：IP-ID标识path/片段序号，每三个path_id排列承载2 bit
121,5,1,1,121,444,0.0,0.0,55214,0xd7ae,,72,32,路径序列：IP-ID标识path/片段序号，每三个path_id排列承载2 bit
122,5,2,1,122,444,0.0,0.0,56159,0xdb5f,,72,32,路径序列：IP-ID标识path/片段序号，每三个path_id排列承载2 bit
123,5,1,1,123,444,0.0,0.0,55212,0xd7ac,,72,32,路径序列：IP-ID标识path/片段序号，每三个path_id排列承载2 bit
124,5,2,1,124,444,0.0,0.0,56153,0xdb59,,72,32,路径序列：IP-ID标识path/片段序号，每三个path_id排列承载2 bit
125,5,0,1,125,444,0.0,0.0,53723,0xd1db,,72,32,路径序列：IP-ID标识path/片段序号，每三个path_id排列承载2 bit
126,5,0,1,126,444,0.0,0.0,53720,0xd1d8,,72,32,路径序列：IP-ID标识path/片段序号，每三个path_id排列承载2 bit
127,5,1,1,127,444,0.0,0.0,55208,0xd7a8,,72,32,路径序列：IP-ID标识path/片段序号，每三个path_id排列承载2 bit
128,5,2,1,128,444,0.0,0.0,56229,0xdba5,,72,32,路径序列：IP-ID标识path/片段序号，每三个path_id排列承载2 bit
129,5,0,1,129,444,0.0,0.0,53543,0xd127,,72,32,路径序列：IP-ID标识path/片段序号，每三个path_id排列承载2 bit
130,5,2,1,130,444,0.0,0.0,56231,0xdba7,,72,32,路径序列：IP-ID标识path/片段序号，每三个path_id排列承载2 bit
131,5,1,1,131,444,0.0,0.0,55124,0xd754,,72,32,路径序列：IP-ID标识path/片段序号，每三个path_id排列承载2 bit
132,5,0,1,132,444,0.0,0.0,53538,0xd122,,72,32,路径序列：IP-ID标识path/片段序号，每三个path_id排列承载2 bit
133,5,1,1,133,444,0.0,0.0,55122,0xd752,,72,32,路径序列：IP-ID标识path/片段序号，每三个path_id排列承载2 bit
134,5,2,1,134,444,0.0,0.0,56227,0xdba3,,72,32,路径序列：IP-ID标识path/片段序号，每三个path_id排列承载2 bit
135,5,1,1,135,444,0.0,0.0,55120,0xd750,,72,32,路径序列：IP-ID标识path/片段序号，每三个path_id排列承载2 bit
136,5,2,1,136,444,0.0,0.0,56237,0xdbad,,72,32,路径序列：IP-ID标识path/片段序号，每三个path_id排列承载2 bit
137,5,0,1,137,444,0.0,0.0,53551,0xd12f,,72,32,路径序列：IP-ID标识path/片段序号，每三个path_id排列承载2 bit
138,5,0,1,138,444,0.0,0.0,53548,0xd12c,,72,32,路径序列：IP-ID标识path/片段序号，每三个path_id排列承载2 bit
139,5,1,1,139,444,0.0,0.0,55132,0xd75c,,72,32,路径序列：IP-ID标识path/片段序号，每三个path_id排列承载2 bit
140,5,2,1,140,444,0.0,0.0,56233,0xdba9,,72,32,路径序列：IP-ID标识path/片段序号，每三个path_id排列承载2 bit
141,5,0,1,141,444,0.0,0.0,53547,0xd12b,,72,32,路径序列：IP-ID标识path/片段序号，每三个path_id排列承载2 bit
142,5,2,1,142,444,0.0,0.0,56235,0xdbab,,72,32,路径序列：IP-ID标识path/片段序号，每三个path_id排列承载2 bit
143,5,1,1,143,444,0.0,0.0,55128,0xd758,,72,32,路径序列：IP-ID标识path/片段序号，每三个path_id排列承载2 bit
144,5,0,1,144,444,0.0,0.0,53558,0xd136,,72,32,路径序列：IP-ID标识path/片段序号，每三个path_id排列承载2 bit
145,5,1,1,145,444,0.0,0.0,55110,0xd746,,72,32,路径序列：IP-ID标识path/片段序号，每三个path_id排列承载2 bit
146,5,2,1,146,444,0.0,0.0,56247,0xdbb7,,72,32,路径序列：IP-ID标识path/片段序号，每三个path_id排列承载2 bit
147,5,1,1,147,444,0.0,0.0,55108,0xd744,,72,32,路径序列：IP-ID标识path/片段序号，每三个path_id排列承载2 bit
148,5,2,1,148,444,0.0,0.0,56241,0xdbb1,,72,32,路径序列：IP-ID标识path/片段序号，每三个path_id排列承载2 bit
149,5,0,1,149,444,0.0,0.0,53555,0xd133,,72,32,路径序列：IP-ID标识path/片段序号，每三个path_id排列承载2 bit
150,5,0,1,150,444,0.0,0.0,53552,0xd130,,72,32,路径序列：IP-ID标识path/片段序号，每三个path_id排列承载2 bit
151,5,1,1,151,444,0.0,0.0,55104,0xd740,,72,32,路径序列：IP-ID标识path/片段序号，每三个path_id排列承载2 bit
152,5,2,1,152,444,0.0,0.0,56253,0xdbbd,,72,32,路径序列：IP-ID标识path/片段序号，每三个path_id排列承载2 bit
153,5,0,1,153,444,0.0,0.0,53567,0xd13f,,72,32,路径序列：IP-ID标识path/片段序号，每三个path_id排列承载2 bit
154,5,1,1,154,444,0.0,0.0,55117,0xd74d,,72,32,路径序列：IP-ID标识path/片段序号，每三个path_id排列承载2 bit
155,5,2,1,155,444,0.0,0.0,56254,0xdbbe,,72,32,路径序列：IP-ID标识path/片段序号，每三个path_id排列承载2 bit
156,5,0,1,156,444,0.0,0.0,53562,0xd13a,,72,32,路径序列：IP-ID标识path/片段序号，每三个path_id排列承载2 bit
157,5,1,1,157,444,0.0,0.0,55114,0xd74a,,72,32,路径序列：IP-ID标识path/片段序号，每三个path_id排列承载2 bit
158,5,2,1,158,444,0.0,0.0,56251,0xdbbb,,72,32,路径序列：IP-ID标识path/片段序号，每三个path_id排列承载2 bit
159,5,1,1,159,444,0.0,0.0,55112,0xd748,,72,32,路径序列：IP-ID标识path/片段序号，每三个path_id排列承载2 bit
160,5,2,1,160,444,0.0,0.0,56197,0xdb85,,72,32,路径序列：IP-ID标识path/片段序号，每三个path_id排列承载2 bit
161,5,0,1,161,444,0.0,0.0,53511,0xd107,,72,32,路径序列：IP-ID标识path/片段序号，每三个path_id排列承载2 bit
162,5,0,1,162,444,0.0,0.0,53508,0xd104,,72,32,路径序列：IP-ID标识path/片段序号，每三个path_id排列承载2 bit
163,5,1,1,163,444,0.0,0.0,55156,0xd774,,72,32,路径序列：IP-ID标识path/片段序号，每三个path_id排列承载2 bit
164,5,2,1,164,444,0.0,0.0,56193,0xdb81,,72,32,路径序列：IP-ID标识path/片段序号，每三个path_id排列承载2 bit
165,5,0,1,165,444,0.0,0.0,53507,0xd103,,72,32,路径序列：IP-ID标识path/片段序号，每三个path_id排列承载2 bit
166,5,2,1,166,444,0.0,0.0,56195,0xdb83,,72,32,路径序列：IP-ID标识path/片段序号，每三个path_id排列承载2 bit
167,5,1,1,167,444,0.0,0.0,55152,0xd770,,72,32,路径序列：IP-ID标识path/片段序号，每三个path_id排列承载2 bit
168,5,0,1,168,444,0.0,0.0,53518,0xd10e,,72,32,路径序列：IP-ID标识path/片段序号，每三个path_id排列承载2 bit
169,5,1,1,169,444,0.0,0.0,55166,0xd77e,,72,32,路径序列：IP-ID标识path/片段序号，每三个path_id排列承载2 bit
170,5,2,1,170,444,0.0,0.0,56207,0xdb8f,,72,32,路径序列：IP-ID标识path/片段序号，每三个path_id排列承载2 bit
171,5,1,1,171,444,0.0,0.0,55164,0xd77c,,72,32,路径序列：IP-ID标识path/片段序号，每三个path_id排列承载2 bit
172,5,2,1,172,444,0.0,0.0,56201,0xdb89,,72,32,路径序列：IP-ID标识path/片段序号，每三个path_id排列承载2 bit
173,5,0,1,173,444,0.0,0.0,53515,0xd10b,,72,32,路径序列：IP-ID标识path/片段序号，每三个path_id排列承载2 bit
174,5,0,1,174,444,0.0,0.0,53512,0xd108,,72,32,路径序列：IP-ID标识path/片段序号，每三个path_id排列承载2 bit
175,5,1,1,175,444,0.0,0.0,55160,0xd778,,72,32,路径序列：IP-ID标识path/片段序号，每三个path_id排列承载2 bit
176,5,2,1,176,444,0.0,0.0,56213,0xdb95,,72,32,路径序列：IP-ID标识path/片段序号，每三个path_id排列承载2 bit
177,5,0,1,177,444,0.0,0.0,53527,0xd117,,72,32,路径序列：IP-ID标识path/片段序号，每三个path_id排列承载2 bit
178,5,1,1,178,444,0.0,0.0,55141,0xd765,,72,32,路径序列：IP-ID标识path/片段序号，每三个path_id排列承载2 bit
179,5,2,1,179,444,0.0,0.0,56214,0xdb96,,72,32,路径序列：IP-ID标识path/片段序号，每三个path_id排列承载2 bit
180,5,0,1,180,444,0.0,0.0,53522,0xd112,,72,32,路径序列：IP-ID标识path/片段序号，每三个path_id排列承载2 bit
181,5,1,1,181,444,0.0,0.0,55138,0xd762,,72,32,路径序列：IP-ID标识path/片段序号，每三个path_id排列承载2 bit
182,5,2,1,182,444,0.0,0.0,56211,0xdb93,,72,32,路径序列：IP-ID标识path/片段序号，每三个path_id排列承载2 bit
183,5,1,1,183,444,0.0,0.0,55136,0xd760,,72,32,路径序列：IP-ID标识path/片段序号，每三个path_id排列承载2 bit
184,5,2,1,184,444,0.0,0.0,56221,0xdb9d,,72,32,路径序列：IP-ID标识path/片段序号，每三个path_id排列承载2 bit
185,5,0,1,185,444,0.0,0.0,53535,0xd11f,,72,32,路径序列：IP-ID标识path/片段序号，每三个path_id排列承载2 bit
186,5,0,1,186,444,0.0,0.0,53532,0xd11c,,72,32,路径序列：IP-ID标识path/片段序号，每三个path_id排列承载2 bit
187,5,1,1,187,444,0.0,0.0,55148,0xd76c,,72,32,路径序列：IP-ID标识path/片段序号，每三个path_id排列承载2 bit
188,5,2,1,188,444,0.0,0.0,56217,0xdb99,,72,32,路径序列：IP-ID标识path/片段序号，每三个path_id排列承载2 bit
189,5,0,1,189,444,0.0,0.0,53531,0xd11b,,72,32,路径序列：IP-ID标识path/片段序号，每三个path_id排列承载2 bit
190,5,1,1,190,444,0.0,0.0,55145,0xd769,,72,32,路径序列：IP-ID标识path/片段序号，每三个path_id排列承载2 bit
191,5,2,1,191,444,0.0,0.0,56218,0xdb9a,,72,32,路径序列：IP-ID标识path/片段序号，每三个path_id排列承载2 bit
192,5,0,1,192,444,0.0,0.0,53606,0xd166,,72,32,路径序列：IP-ID标识path/片段序号，每三个path_id排列承载2 bit
193,5,1,1,193,444,0.0,0.0,55062,0xd716,,72,32,路径序列：IP-ID标识path/片段序号，每三个path_id排列承载2 bit
194,5,2,1,194,444,0.0,0.0,56295,0xdbe7,,72,32,路径序列：IP-ID标识path/片段序号，每三个path_id排列承载2 bit
195,5,1,1,195,444,0.0,0.0,55060,0xd714,,72,32,路径序列：IP-ID标识path/片段序号，每三个path_id排列承载2 bit
196,5,2,1,196,444,0.0,0.0,56289,0xdbe1,,72,32,路径序列：IP-ID标识path/片段序号，每三个path_id排列承载2 bit
197,5,0,1,197,444,0.0,0.0,53603,0xd163,,72,32,路径序列：IP-ID标识path/片段序号，每三个path_id排列承载2 bit
198,5,0,1,198,444,0.0,0.0,53600,0xd160,,72,32,路径序列：IP-ID标识path/片段序号，每三个path_id排列承载2 bit
199,5,1,1,199,444,0.0,0.0,55056,0xd710,,72,32,路径序列：IP-ID标识path/片段序号，每三个path_id排列承载2 bit
200,5,2,1,200,444,0.0,0.0,56301,0xdbed,,72,32,路径序列：IP-ID标识path/片段序号，每三个path_id排列承载2 bit
201,5,0,1,201,444,0.0,0.0,53615,0xd16f,,72,32,路径序列：IP-ID标识path/片段序号，每三个path_id排列承载2 bit
202,5,2,1,202,444,0.0,0.0,56303,0xdbef,,72,32,路径序列：IP-ID标识path/片段序号，每三个path_id排列承载2 bit
203,5,1,1,203,444,0.0,0.0,55068,0xd71c,,72,32,路径序列：IP-ID标识path/片段序号，每三个path_id排列承载2 bit
204,5,0,1,204,444,0.0,0.0,53610,0xd16a,,72,32,路径序列：IP-ID标识path/片段序号，每三个path_id排列承载2 bit
205,5,1,1,205,444,0.0,0.0,55066,0xd71a,,72,32,路径序列：IP-ID标识path/片段序号，每三个path_id排列承载2 bit
206,5,2,1,206,444,0.0,0.0,56299,0xdbeb,,72,32,路径序列：IP-ID标识path/片段序号，每三个path_id排列承载2 bit
207,5,1,1,207,444,0.0,0.0,55064,0xd718,,72,32,路径序列：IP-ID标识path/片段序号，每三个path_id排列承载2 bit
208,5,2,1,208,444,0.0,0.0,56309,0xdbf5,,72,32,路径序列：IP-ID标识path/片段序号，每三个path_id排列承载2 bit
209,5,0,1,209,444,0.0,0.0,53623,0xd177,,72,32,路径序列：IP-ID标识path/片段序号，每三个path_id排列承载2 bit
210,5,0,1,210,444,0.0,0.0,53620,0xd174,,72,32,路径序列：IP-ID标识path/片段序号，每三个path_id排列承载2 bit
211,5,1,1,211,444,0.0,0.0,55044,0xd704,,72,32,路径序列：IP-ID标识path/片段序号，每三个path_id排列承载2 bit
212,5,2,1,212,444,0.0,0.0,56305,0xdbf1,,72,32,路径序列：IP-ID标识path/片段序号，每三个path_id排列承载2 bit
213,5,0,1,213,444,0.0,0.0,53619,0xd173,,72,32,路径序列：IP-ID标识path/片段序号，每三个path_id排列承载2 bit
214,5,1,1,214,444,0.0,0.0,55041,0xd701,,72,32,路径序列：IP-ID标识path/片段序号，每三个path_id排列承载2 bit
215,5,2,1,215,444,0.0,0.0,56306,0xdbf2,,72,32,路径序列：IP-ID标识path/片段序号，每三个path_id排列承载2 bit
216,5,0,1,216,444,0.0,0.0,53630,0xd17e,,72,32,路径序列：IP-ID标识path/片段序号，每三个path_id排列承载2 bit
217,5,1,1,217,444,0.0,0.0,55054,0xd70e,,72,32,路径序列：IP-ID标识path/片段序号，每三个path_id排列承载2 bit
218,5,2,1,218,444,0.0,0.0,56319,0xdbff,,72,32,路径序列：IP-ID标识path/片段序号，每三个path_id排列承载2 bit
219,5,1,1,219,444,0.0,0.0,55052,0xd70c,,72,32,路径序列：IP-ID标识path/片段序号，每三个path_id排列承载2 bit
220,5,2,1,220,444,0.0,0.0,56313,0xdbf9,,72,32,路径序列：IP-ID标识path/片段序号，每三个path_id排列承载2 bit
221,5,0,1,221,444,0.0,0.0,53627,0xd17b,,72,32,路径序列：IP-ID标识path/片段序号，每三个path_id排列承载2 bit
222,5,0,1,222,444,0.0,0.0,53624,0xd178,,72,32,路径序列：IP-ID标识path/片段序号，每三个path_id排列承载2 bit
223,5,1,1,223,444,0.0,0.0,55048,0xd708,,72,32,路径序列：IP-ID标识path/片段序号，每三个path_id排列承载2 bit
224,5,2,1,224,444,0.0,0.0,56261,0xdbc5,,72,32,路径序列：IP-ID标识path/片段序号，每三个path_id排列承载2 bit
225,5,0,1,225,444,0.0,0.0,53575,0xd147,,72,32,路径序列：IP-ID标识path/片段序号，每三个path_id排列承载2 bit
226,5,2,1,226,444,0.0,0.0,56263,0xdbc7,,72,32,路径序列：IP-ID标识path/片段序号，每三个path_id排列承载2 bit
227,5,1,1,227,444,0.0,0.0,55092,0xd734,,72,32,路径序列：IP-ID标识path/片段序号，每三个path_id排列承载2 bit
228,5,0,1,228,444,0.0,0.0,53570,0xd142,,72,32,路径序列：IP-ID标识path/片段序号，每三个path_id排列承载2 bit
229,5,1,1,229,444,0.0,0.0,55090,0xd732,,72,32,路径序列：IP-ID标识path/片段序号，每三个path_id排列承载2 bit
230,5,2,1,230,444,0.0,0.0,56259,0xdbc3,,72,32,路径序列：IP-ID标识path/片段序号，每三个path_id排列承载2 bit
231,5,1,1,231,444,0.0,0.0,55088,0xd730,,72,32,路径序列：IP-ID标识path/片段序号，每三个path_id排列承载2 bit
232,5,2,1,232,444,0.0,0.0,56269,0xdbcd,,72,32,路径序列：IP-ID标识path/片段序号，每三个path_id排列承载2 bit
233,5,0,1,233,444,0.0,0.0,53583,0xd14f,,72,32,路径序列：IP-ID标识path/片段序号，每三个path_id排列承载2 bit
234,5,0,1,234,444,0.0,0.0,53580,0xd14c,,72,32,路径序列：IP-ID标识path/片段序号，每三个path_id排列承载2 bit
235,5,1,1,235,444,0.0,0.0,55100,0xd73c,,72,32,路径序列：IP-ID标识path/片段序号，每三个path_id排列承载2 bit
236,5,2,1,236,444,0.0,0.0,56265,0xdbc9,,72,32,路径序列：IP-ID标识path/片段序号，每三个path_id排列承载2 bit
237,5,0,1,237,444,0.0,0.0,53579,0xd14b,,72,32,路径序列：IP-ID标识path/片段序号，每三个path_id排列承载2 bit
238,5,1,1,238,444,0.0,0.0,55097,0xd739,,72,32,路径序列：IP-ID标识path/片段序号，每三个path_id排列承载2 bit
239,5,2,1,239,444,0.0,0.0,56266,0xdbca,,72,32,路径序列：IP-ID标识path/片段序号，每三个path_id排列承载2 bit
240,5,0,1,240,444,0.0,0.0,53590,0xd156,,72,32,路径序列：IP-ID标识path/片段序号，每三个path_id排列承载2 bit
241,5,1,1,241,444,0.0,0.0,55078,0xd726,,72,32,路径序列：IP-ID标识path/片段序号，每三个path_id排列承载2 bit
242,5,2,1,242,444,0.0,0.0,56279,0xdbd7,,72,32,路径序列：IP-ID标识path/片段序号，每三个path_id排列承载2 bit
243,5,1,1,243,444,0.0,0.0,55076,0xd724,,72,32,路径序列：IP-ID标识path/片段序号，每三个path_id排列承载2 bit
244,5,2,1,244,444,0.0,0.0,56273,0xdbd1,,72,32,路径序列：IP-ID标识path/片段序号，每三个path_id排列承载2 bit
245,5,0,1,245,444,0.0,0.0,53587,0xd153,,72,32,路径序列：IP-ID标识path/片段序号，每三个path_id排列承载2 bit
246,5,0,1,246,444,0.0,0.0,53584,0xd150,,72,32,路径序列：IP-ID标识path/片段序号，每三个path_id排列承载2 bit
247,5,1,1,247,444,0.0,0.0,55072,0xd720,,72,32,路径序列：IP-ID标识path/片段序号，每三个path_id排列承载2 bit
248,5,2,1,248,444,0.0,0.0,56285,0xdbdd,,72,32,路径序列：IP-ID标识path/片段序号，每三个path_id排列承载2 bit
249,5,0,1,249,444,0.0,0.0,53599,0xd15f,,72,32,路径序列：IP-ID标识path/片段序号，每三个path_id排列承载2 bit
250,5,1,1,250,444,0.0,0.0,55085,0xd72d,,72,32,路径序列：IP-ID标识path/片段序号，每三个path_id排列承载2 bit
251,5,2,1,251,444,0.0,0.0,56286,0xdbde,,72,32,路径序列：IP-ID标识path/片段序号，每三个path_id排列承载2 bit
252,5,0,1,252,444,0.0,0.0,53594,0xd15a,,72,32,路径序列：IP-ID标识path/片段序号，每三个path_id排列承载2 bit
253,5,1,1,253,444,0.0,0.0,55082,0xd72a,,72,32,路径序列：IP-ID标识path/片段序号，每三个path_id排列承载2 bit
254,5,2,1,254,444,0.0,0.0,56283,0xdbdb,,72,32,路径序列：IP-ID标识path/片段序号，每三个path_id排列承载2 bit
255,5,1,1,255,444,0.0,0.0,55080,0xd728,,72,32,路径序列：IP-ID标识path/片段序号，每三个path_id排列承载2 bit
256,5,2,1,256,444,0.0,0.0,55845,0xda25,,72,32,路径序列：IP-ID标识path/片段序号，每三个path_id排列承载2 bit
257,5,0,1,257,444,0.0,0.0,53415,0xd0a7,,72,32,路径序列：IP-ID标识path/片段序号，每三个path_id排列承载2 bit
258,5,0,1,258,444,0.0,0.0,53412,0xd0a4,,72,32,路径序列：IP-ID标识path/片段序号，每三个path_id排列承载2 bit
259,5,1,1,259,444,0.0,0.0,54996,0xd6d4,,72,32,路径序列：IP-ID标识path/片段序号，每三个path_id排列承载2 bit
260,5,2,1,260,444,0.0,0.0,55841,0xda21,,72,32,路径序列：IP-ID标识path/片段序号，每三个path_id排列承载2 bit
261,5,0,1,261,444,0.0,0.0,53411,0xd0a3,,72,32,路径序列：IP-ID标识path/片段序号，每三个path_id排列承载2 bit
262,5,2,1,262,444,0.0,0.0,55843,0xda23,,72,32,路径序列：IP-ID标识path/片段序号，每三个path_id排列承载2 bit
263,5,1,1,263,444,0.0,0.0,54992,0xd6d0,,72,32,路径序列：IP-ID标识path/片段序号，每三个path_id排列承载2 bit
264,5,0,1,264,444,0.0,0.0,53422,0xd0ae,,72,32,路径序列：IP-ID标识path/片段序号，每三个path_id排列承载2 bit
265,5,1,1,265,444,0.0,0.0,55006,0xd6de,,72,32,路径序列：IP-ID标识path/片段序号，每三个path_id排列承载2 bit
266,5,2,1,266,444,0.0,0.0,55855,0xda2f,,72,32,路径序列：IP-ID标识path/片段序号，每三个path_id排列承载2 bit
267,5,1,1,267,444,0.0,0.0,55004,0xd6dc,,72,32,路径序列：IP-ID标识path/片段序号，每三个path_id排列承载2 bit
268,5,2,1,268,444,0.0,0.0,55849,0xda29,,72,32,路径序列：IP-ID标识path/片段序号，每三个path_id排列承载2 bit
269,5,0,1,269,444,0.0,0.0,53419,0xd0ab,,72,32,路径序列：IP-ID标识path/片段序号，每三个path_id排列承载2 bit
270,5,0,1,270,444,0.0,0.0,53416,0xd0a8,,72,32,路径序列：IP-ID标识path/片段序号，每三个path_id排列承载2 bit
271,5,1,1,271,444,0.0,0.0,55000,0xd6d8,,72,32,路径序列：IP-ID标识path/片段序号，每三个path_id排列承载2 bit
272,5,2,1,272,444,0.0,0.0,55861,0xda35,,72,32,路径序列：IP-ID标识path/片段序号，每三个path_id排列承载2 bit
273,5,0,1,273,444,0.0,0.0,53431,0xd0b7,,72,32,路径序列：IP-ID标识path/片段序号，每三个path_id排列承载2 bit
274,5,2,1,274,444,0.0,0.0,55863,0xda37,,72,32,路径序列：IP-ID标识path/片段序号，每三个path_id排列承载2 bit
275,5,1,1,275,444,0.0,0.0,54980,0xd6c4,,72,32,路径序列：IP-ID标识path/片段序号，每三个path_id排列承载2 bit
276,5,0,1,276,444,0.0,0.0,53426,0xd0b2,,72,32,路径序列：IP-ID标识path/片段序号，每三个path_id排列承载2 bit
277,5,1,1,277,444,0.0,0.0,54978,0xd6c2,,72,32,路径序列：IP-ID标识path/片段序号，每三个path_id排列承载2 bit
278,5,2,1,278,444,0.0,0.0,55859,0xda33,,72,32,路径序列：IP-ID标识path/片段序号，每三个path_id排列承载2 bit
279,5,1,1,279,444,0.0,0.0,54976,0xd6c0,,72,32,路径序列：IP-ID标识path/片段序号，每三个path_id排列承载2 bit
280,5,2,1,280,444,0.0,0.0,55869,0xda3d,,72,32,路径序列：IP-ID标识path/片段序号，每三个path_id排列承载2 bit
281,5,0,1,281,444,0.0,0.0,53439,0xd0bf,,72,32,路径序列：IP-ID标识path/片段序号，每三个path_id排列承载2 bit
282,5,0,1,282,444,0.0,0.0,53436,0xd0bc,,72,32,路径序列：IP-ID标识path/片段序号，每三个path_id排列承载2 bit
283,5,1,1,283,444,0.0,0.0,54988,0xd6cc,,72,32,路径序列：IP-ID标识path/片段序号，每三个path_id排列承载2 bit
284,5,2,1,284,444,0.0,0.0,55865,0xda39,,72,32,路径序列：IP-ID标识path/片段序号，每三个path_id排列承载2 bit
285,5,0,1,285,444,0.0,0.0,53435,0xd0bb,,72,32,路径序列：IP-ID标识path/片段序号，每三个path_id排列承载2 bit
286,5,2,1,286,444,0.0,0.0,55867,0xda3b,,72,32,路径序列：IP-ID标识path/片段序号，每三个path_id排列承载2 bit
287,5,1,1,287,444,0.0,0.0,54984,0xd6c8,,72,32,路径序列：IP-ID标识path/片段序号，每三个path_id排列承载2 bit
288,5,0,1,288,444,0.0,0.0,53382,0xd086,,72,32,路径序列：IP-ID标识path/片段序号，每三个path_id排列承载2 bit
289,5,1,1,289,444,0.0,0.0,55030,0xd6f6,,72,32,路径序列：IP-ID标识path/片段序号，每三个path_id排列承载2 bit
290,5,2,1,290,444,0.0,0.0,55815,0xda07,,72,32,路径序列：IP-ID标识path/片段序号，每三个path_id排列承载2 bit
291,5,1,1,291,444,0.0,0.0,55028,0xd6f4,,72,32,路径序列：IP-ID标识path/片段序号，每三个path_id排列承载2 bit
292,5,2,1,292,444,0.0,0.0,55809,0xda01,,72,32,路径序列：IP-ID标识path/片段序号，每三个path_id排列承载2 bit
293,5,0,1,293,444,0.0,0.0,53379,0xd083,,72,32,路径序列：IP-ID标识path/片段序号，每三个path_id排列承载2 bit
294,5,0,1,294,444,0.0,0.0,53376,0xd080,,72,32,路径序列：IP-ID标识path/片段序号，每三个path_id排列承载2 bit
295,5,1,1,295,444,0.0,0.0,55024,0xd6f0,,72,32,路径序列：IP-ID标识path/片段序号，每三个path_id排列承载2 bit
296,5,2,1,296,444,0.0,0.0,55821,0xda0d,,72,32,路径序列：IP-ID标识path/片段序号，每三个path_id排列承载2 bit
297,5,0,1,297,444,0.0,0.0,53391,0xd08f,,72,32,路径序列：IP-ID标识path/片段序号，每三个path_id排列承载2 bit
298,5,2,1,298,444,0.0,0.0,55823,0xda0f,,72,32,路径序列：IP-ID标识path/片段序号，每三个path_id排列承载2 bit
299,5,1,1,299,444,0.0,0.0,55036,0xd6fc,,72,32,路径序列：IP-ID标识path/片段序号，每三个path_id排列承载2 bit
300,5,0,1,300,444,0.0,0.0,53386,0xd08a,,72,32,路径序列：IP-ID标识path/片段序号，每三个path_id排列承载2 bit
301,5,1,1,301,444,0.0,0.0,55034,0xd6fa,,72,32,路径序列：IP-ID标识path/片段序号，每三个path_id排列承载2 bit
302,5,2,1,302,444,0.0,0.0,55819,0xda0b,,72,32,路径序列：IP-ID标识path/片段序号，每三个path_id排列承载2 bit
303,5,1,1,303,444,0.0,0.0,55032,0xd6f8,,72,32,路径序列：IP-ID标识path/片段序号，每三个path_id排列承载2 bit
304,5,2,1,304,444,0.0,0.0,55829,0xda15,,72,32,路径序列：IP-ID标识path/片段序号，每三个path_id排列承载2 bit
305,5,0,1,305,444,0.0,0.0,53399,0xd097,,72,32,路径序列：IP-ID标识path/片段序号，每三个path_id排列承载2 bit
306,5,0,1,306,444,0.0,0.0,53396,0xd094,,72,32,路径序列：IP-ID标识path/片段序号，每三个path_id排列承载2 bit
307,5,1,1,307,444,0.0,0.0,55012,0xd6e4,,72,32,路径序列：IP-ID标识path/片段序号，每三个path_id排列承载2 bit
308,5,2,1,308,444,0.0,0.0,55825,0xda11,,72,32,路径序列：IP-ID标识path/片段序号，每三个path_id排列承载2 bit
309,5,0,1,309,444,0.0,0.0,53395,0xd093,,72,32,路径序列：IP-ID标识path/片段序号，每三个path_id排列承载2 bit
310,5,1,1,310,444,0.0,0.0,55009,0xd6e1,,72,32,路径序列：IP-ID标识path/片段序号，每三个path_id排列承载2 bit
311,5,2,1,311,444,0.0,0.0,55826,0xda12,,72,32,路径序列：IP-ID标识path/片段序号，每三个path_id排列承载2 bit
312,5,0,1,312,444,0.0,0.0,53406,0xd09e,,72,32,路径序列：IP-ID标识path/片段序号，每三个path_id排列承载2 bit
313,5,1,1,313,444,0.0,0.0,55022,0xd6ee,,72,32,路径序列：IP-ID标识path/片段序号，每三个path_id排列承载2 bit
314,5,2,1,314,444,0.0,0.0,55839,0xda1f,,72,32,路径序列：IP-ID标识path/片段序号，每三个path_id排列承载2 bit
315,5,1,1,315,444,0.0,0.0,55020,0xd6ec,,72,32,路径序列：IP-ID标识path/片段序号，每三个path_id排列承载2 bit
316,5,2,1,316,444,0.0,0.0,55833,0xda19,,72,32,路径序列：IP-ID标识path/片段序号，每三个path_id排列承载2 bit
317,5,0,1,317,444,0.0,0.0,53403,0xd09b,,72,32,路径序列：IP-ID标识path/片段序号，每三个path_id排列承载2 bit
318,5,0,1,318,444,0.0,0.0,53400,0xd098,,72,32,路径序列：IP-ID标识path/片段序号，每三个path_id排列承载2 bit
319,5,1,1,319,444,0.0,0.0,55016,0xd6e8,,72,32,路径序列：IP-ID标识path/片段序号，每三个path_id排列承载2 bit
320,5,2,1,320,444,0.0,0.0,55909,0xda65,,72,32,路径序列：IP-ID标识path/片段序号，每三个path_id排列承载2 bit
321,5,0,1,321,444,0.0,0.0,53479,0xd0e7,,72,32,路径序列：IP-ID标识path/片段序号，每三个path_id排列承载2 bit
322,5,2,1,322,444,0.0,0.0,55911,0xda67,,72,32,路径序列：IP-ID标识path/片段序号，每三个path_id排列承载2 bit
323,5,1,1,323,444,0.0,0.0,54932,0xd694,,72,32,路径序列：IP-ID标识path/片段序号，每三个path_id排列承载2 bit
324,5,0,1,324,444,0.0,0.0,53474,0xd0e2,,72,32,路径序列：IP-ID标识path/片段序号，每三个path_id排列承载2 bit
325,5,1,1,325,444,0.0,0.0,54930,0xd692,,72,32,路径序列：IP-ID标识path/片段序号，每三个path_id排列承载2 bit
326,5,2,1,326,444,0.0,0.0,55907,0xda63,,72,32,路径序列：IP-ID标识path/片段序号，每三个path_id排列承载2 bit
327,5,1,1,327,444,0.0,0.0,54928,0xd690,,72,32,路径序列：IP-ID标识path/片段序号，每三个path_id排列承载2 bit
328,5,2,1,328,444,0.0,0.0,55917,0xda6d,,72,32,路径序列：IP-ID标识path/片段序号，每三个path_id排列承载2 bit
329,5,0,1,329,444,0.0,0.0,53487,0xd0ef,,72,32,路径序列：IP-ID标识path/片段序号，每三个path_id排列承载2 bit
330,5,0,1,330,444,0.0,0.0,53484,0xd0ec,,72,32,路径序列：IP-ID标识path/片段序号，每三个path_id排列承载2 bit
331,5,1,1,331,444,0.0,0.0,54940,0xd69c,,72,32,路径序列：IP-ID标识path/片段序号，每三个path_id排列承载2 bit
332,5,2,1,332,444,0.0,0.0,55913,0xda69,,72,32,路径序列：IP-ID标识path/片段序号，每三个path_id排列承载2 bit
333,5,0,1,333,444,0.0,0.0,53483,0xd0eb,,72,32,路径序列：IP-ID标识path/片段序号，每三个path_id排列承载2 bit
334,5,1,1,334,444,0.0,0.0,54937,0xd699,,72,32,路径序列：IP-ID标识path/片段序号，每三个path_id排列承载2 bit
335,5,2,1,335,444,0.0,0.0,55914,0xda6a,,72,32,路径序列：IP-ID标识path/片段序号，每三个path_id排列承载2 bit
336,5,0,1,336,444,0.0,0.0,53494,0xd0f6,,72,32,路径序列：IP-ID标识path/片段序号，每三个path_id排列承载2 bit
337,5,1,1,337,444,0.0,0.0,54918,0xd686,,72,32,路径序列：IP-ID标识path/片段序号，每三个path_id排列承载2 bit
338,5,2,1,338,444,0.0,0.0,55927,0xda77,,72,32,路径序列：IP-ID标识path/片段序号，每三个path_id排列承载2 bit
339,5,1,1,339,444,0.0,0.0,54916,0xd684,,72,32,路径序列：IP-ID标识path/片段序号，每三个path_id排列承载2 bit
340,5,2,1,340,444,0.0,0.0,55921,0xda71,,72,32,路径序列：IP-ID标识path/片段序号，每三个path_id排列承载2 bit
341,5,0,1,341,444,0.0,0.0,53491,0xd0f3,,72,32,路径序列：IP-ID标识path/片段序号，每三个path_id排列承载2 bit
342,5,0,1,342,444,0.0,0.0,53488,0xd0f0,,72,32,路径序列：IP-ID标识path/片段序号，每三个path_id排列承载2 bit
343,5,1,1,343,444,0.0,0.0,54912,0xd680,,72,32,路径序列：IP-ID标识path/片段序号，每三个path_id排列承载2 bit
344,5,2,1,344,444,0.0,0.0,55933,0xda7d,,72,32,路径序列：IP-ID标识path/片段序号，每三个path_id排列承载2 bit
345,5,0,1,345,444,0.0,0.0,53503,0xd0ff,,72,32,路径序列：IP-ID标识path/片段序号，每三个path_id排列承载2 bit
346,5,2,1,346,444,0.0,0.0,55935,0xda7f,,72,32,路径序列：IP-ID标识path/片段序号，每三个path_id排列承载2 bit
347,5,1,1,347,444,0.0,0.0,54924,0xd68c,,72,32,路径序列：IP-ID标识path/片段序号，每三个path_id排列承载2 bit
348,5,0,1,348,444,0.0,0.0,53498,0xd0fa,,72,32,路径序列：IP-ID标识path/片段序号，每三个path_id排列承载2 bit
349,5,1,1,349,444,0.0,0.0,54922,0xd68a,,72,32,路径序列：IP-ID标识path/片段序号，每三个path_id排列承载2 bit
350,5,2,1,350,444,0.0,0.0,55931,0xda7b,,72,32,路径序列：IP-ID标识path/片段序号，每三个path_id排列承载2 bit
351,5,1,1,351,444,0.0,0.0,54920,0xd688,,72,32,路径序列：IP-ID标识path/片段序号，每三个path_id排列承载2 bit
352,5,2,1,352,444,0.0,0.0,55877,0xda45,,72,32,路径序列：IP-ID标识path/片段序号，每三个path_id排列承载2 bit
353,5,0,1,353,444,0.0,0.0,53447,0xd0c7,,72,32,路径序列：IP-ID标识path/片段序号，每三个path_id排列承载2 bit
354,5,0,1,354,444,0.0,0.0,53444,0xd0c4,,72,32,路径序列：IP-ID标识path/片段序号，每三个path_id排列承载2 bit
355,5,1,1,355,444,0.0,0.0,54964,0xd6b4,,72,32,路径序列：IP-ID标识path/片段序号，每三个path_id排列承载2 bit
356,5,2,1,356,444,0.0,0.0,55873,0xda41,,72,32,路径序列：IP-ID标识path/片段序号，每三个path_id排列承载2 bit
357,5,0,1,357,444,0.0,0.0,53443,0xd0c3,,72,32,路径序列：IP-ID标识path/片段序号，每三个path_id排列承载2 bit
358,5,1,1,358,444,0.0,0.0,54961,0xd6b1,,72,32,路径序列：IP-ID标识path/片段序号，每三个path_id排列承载2 bit
359,5,2,1,359,444,0.0,0.0,55874,0xda42,,72,32,路径序列：IP-ID标识path/片段序号，每三个path_id排列承载2 bit
360,5,0,1,360,444,0.0,0.0,53454,0xd0ce,,72,32,路径序列：IP-ID标识path/片段序号，每三个path_id排列承载2 bit
361,5,1,1,361,444,0.0,0.0,54974,0xd6be,,72,32,路径序列：IP-ID标识path/片段序号，每三个path_id排列承载2 bit
362,5,2,1,362,444,0.0,0.0,55887,0xda4f,,72,32,路径序列：IP-ID标识path/片段序号，每三个path_id排列承载2 bit
363,5,1,1,363,444,0.0,0.0,54972,0xd6bc,,72,32,路径序列：IP-ID标识path/片段序号，每三个path_id排列承载2 bit
364,5,2,1,364,444,0.0,0.0,55881,0xda49,,72,32,路径序列：IP-ID标识path/片段序号，每三个path_id排列承载2 bit
365,5,0,1,365,444,0.0,0.0,53451,0xd0cb,,72,32,路径序列：IP-ID标识path/片段序号，每三个path_id排列承载2 bit
366,5,0,1,366,444,0.0,0.0,53448,0xd0c8,,72,32,路径序列：IP-ID标识path/片段序号，每三个path_id排列承载2 bit
367,5,1,1,367,444,0.0,0.0,54968,0xd6b8,,72,32,路径序列：IP-ID标识path/片段序号，每三个path_id排列承载2 bit
368,5,2,1,368,444,0.0,0.0,55893,0xda55,,72,32,路径序列：IP-ID标识path/片段序号，每三个path_id排列承载2 bit
369,5,0,1,369,444,0.0,0.0,53463,0xd0d7,,72,32,路径序列：IP-ID标识path/片段序号，每三个path_id排列承载2 bit
370,5,1,1,370,444,0.0,0.0,54949,0xd6a5,,72,32,路径序列：IP-ID标识path/片段序号，每三个path_id排列承载2 bit
371,5,2,1,371,444,0.0,0.0,55894,0xda56,,72,32,路径序列：IP-ID标识path/片段序号，每三个path_id排列承载2 bit
372,5,0,1,372,444,0.0,0.0,53458,0xd0d2,,72,32,路径序列：IP-ID标识path/片段序号，每三个path_id排列承载2 bit
373,5,1,1,373,444,0.0,0.0,54946,0xd6a2,,72,32,路径序列：IP-ID标识path/片段序号，每三个path_id排列承载2 bit
374,5,2,1,374,444,0.0,0.0,55891,0xda53,,72,32,路径序列：IP-ID标识path/片段序号，每三个path_id排列承载2 bit
375,5,1,1,375,444,0.0,0.0,54944,0xd6a0,,72,32,路径序列：IP-ID标识path/片段序号，每三个path_id排列承载2 bit
376,5,2,1,376,444,0.0,0.0,55901,0xda5d,,72,32,路径序列：IP-ID标识path/片段序号，每三个path_id排列承载2 bit
377,5,0,1,377,444,0.0,0.0,53471,0xd0df,,72,32,路径序列：IP-ID标识path/片段序号，每三个path_id排列承载2 bit
378,5,0,1,378,444,0.0,0.0,53468,0xd0dc,,72,32,路径序列：IP-ID标识path/片段序号，每三个path_id排列承载2 bit
379,5,1,1,379,444,0.0,0.0,54956,0xd6ac,,72,32,路径序列：IP-ID标识path/片段序号，每三个path_id排列承载2 bit
380,5,2,1,380,444,0.0,0.0,55897,0xda59,,72,32,路径序列：IP-ID标识path/片段序号，每三个path_id排列承载2 bit
381,5,0,1,381,444,0.0,0.0,53467,0xd0db,,72,32,路径序列：IP-ID标识path/片段序号，每三个path_id排列承载2 bit
382,5,1,1,382,444,0.0,0.0,54953,0xd6a9,,72,32,路径序列：IP-ID标识path/片段序号，每三个path_id排列承载2 bit
383,5,2,1,383,444,0.0,0.0,55898,0xda5a,,72,32,路径序列：IP-ID标识path/片段序号，每三个path_id排列承载2 bit
384,5,0,1,384,444,0.0,0.0,53286,0xd026,,72,32,路径序列：IP-ID标识path/片段序号，每三个path_id排列承载2 bit
385,5,1,1,385,444,0.0,0.0,54870,0xd656,,72,32,路径序列：IP-ID标识path/片段序号，每三个path_id排列承载2 bit
386,5,2,1,386,444,0.0,0.0,55975,0xdaa7,,72,32,路径序列：IP-ID标识path/片段序号，每三个path_id排列承载2 bit
387,5,1,1,387,444,0.0,0.0,54868,0xd654,,72,32,路径序列：IP-ID标识path/片段序号，每三个path_id排列承载2 bit
388,5,2,1,388,444,0.0,0.0,55969,0xdaa1,,72,32,路径序列：IP-ID标识path/片段序号，每三个path_id排列承载2 bit
389,5,0,1,389,444,0.0,0.0,53283,0xd023,,72,32,路径序列：IP-ID标识path/片段序号，每三个path_id排列承载2 bit
390,5,0,1,390,444,0.0,0.0,53280,0xd020,,72,32,路径序列：IP-ID标识path/片段序号，每三个path_id排列承载2 bit
391,5,1,1,391,444,0.0,0.0,54864,0xd650,,72,32,路径序列：IP-ID标识path/片段序号，每三个path_id排列承载2 bit
392,5,2,1,392,444,0.0,0.0,55981,0xdaad,,72,32,路径序列：IP-ID标识path/片段序号，每三个path_id排列承载2 bit
393,5,0,1,393,444,0.0,0.0,53295,0xd02f,,72,32,路径序列：IP-ID标识path/片段序号，每三个path_id排列承载2 bit
394,5,2,1,394,444,0.0,0.0,55983,0xdaaf,,72,32,路径序列：IP-ID标识path/片段序号，每三个path_id排列承载2 bit
395,5,1,1,395,444,0.0,0.0,54876,0xd65c,,72,32,路径序列：IP-ID标识path/片段序号，每三个path_id排列承载2 bit
396,5,0,1,396,444,0.0,0.0,53290,0xd02a,,72,32,路径序列：IP-ID标识path/片段序号，每三个path_id排列承载2 bit
397,5,1,1,397,444,0.0,0.0,54874,0xd65a,,72,32,路径序列：IP-ID标识path/片段序号，每三个path_id排列承载2 bit
398,5,2,1,398,444,0.0,0.0,55979,0xdaab,,72,32,路径序列：IP-ID标识path/片段序号，每三个path_id排列承载2 bit
399,5,1,1,399,444,0.0,0.0,54872,0xd658,,72,32,路径序列：IP-ID标识path/片段序号，每三个path_id排列承载2 bit
400,5,2,1,400,444,0.0,0.0,55989,0xdab5,,72,32,路径序列：IP-ID标识path/片段序号，每三个path_id排列承载2 bit
401,5,0,1,401,444,0.0,0.0,53303,0xd037,,72,32,路径序列：IP-ID标识path/片段序号，每三个path_id排列承载2 bit
402,5,0,1,402,444,0.0,0.0,53300,0xd034,,72,32,路径序列：IP-ID标识path/片段序号，每三个path_id排列承载2 bit
403,5,1,1,403,444,0.0,0.0,54852,0xd644,,72,32,路径序列：IP-ID标识path/片段序号，每三个path_id排列承载2 bit
404,5,2,1,404,444,0.0,0.0,55985,0xdab1,,72,32,路径序列：IP-ID标识path/片段序号，每三个path_id排列承载2 bit
405,5,0,1,405,444,0.0,0.0,53299,0xd033,,72,32,路径序列：IP-ID标识path/片段序号，每三个path_id排列承载2 bit
406,5,2,1,406,444,0.0,0.0,55987,0xdab3,,72,32,路径序列：IP-ID标识path/片段序号，每三个path_id排列承载2 bit
407,5,1,1,407,444,0.0,0.0,54848,0xd640,,72,32,路径序列：IP-ID标识path/片段序号，每三个path_id排列承载2 bit
408,5,0,1,408,444,0.0,0.0,53310,0xd03e,,72,32,路径序列：IP-ID标识path/片段序号，每三个path_id排列承载2 bit
409,5,1,1,409,444,0.0,0.0,54862,0xd64e,,72,32,路径序列：IP-ID标识path/片段序号，每三个path_id排列承载2 bit
410,5,2,1,410,444,0.0,0.0,55999,0xdabf,,72,32,路径序列：IP-ID标识path/片段序号，每三个path_id排列承载2 bit
411,5,1,1,411,444,0.0,0.0,54860,0xd64c,,72,32,路径序列：IP-ID标识path/片段序号，每三个path_id排列承载2 bit
412,5,2,1,412,444,0.0,0.0,55993,0xdab9,,72,32,路径序列：IP-ID标识path/片段序号，每三个path_id排列承载2 bit
413,5,0,1,413,444,0.0,0.0,53307,0xd03b,,72,32,路径序列：IP-ID标识path/片段序号，每三个path_id排列承载2 bit
414,5,0,1,414,444,0.0,0.0,53304,0xd038,,72,32,路径序列：IP-ID标识path/片段序号，每三个path_id排列承载2 bit
415,5,1,1,415,444,0.0,0.0,54856,0xd648,,72,32,路径序列：IP-ID标识path/片段序号，每三个path_id排列承载2 bit
416,5,2,1,416,444,0.0,0.0,55941,0xda85,,72,32,路径序列：IP-ID标识path/片段序号，每三个path_id排列承载2 bit
417,5,0,1,417,444,0.0,0.0,53255,0xd007,,72,32,路径序列：IP-ID标识path/片段序号，每三个path_id排列承载2 bit
418,5,1,1,418,444,0.0,0.0,54901,0xd675,,72,32,路径序列：IP-ID标识path/片段序号，每三个path_id排列承载2 bit
419,5,2,1,419,444,0.0,0.0,55942,0xda86,,72,32,路径序列：IP-ID标识path/片段序号，每三个path_id排列承载2 bit
420,5,0,1,420,444,0.0,0.0,53250,0xd002,,72,32,路径序列：IP-ID标识path/片段序号，每三个path_id排列承载2 bit
421,5,1,1,421,444,0.0,0.0,54898,0xd672,,72,32,路径序列：IP-ID标识path/片段序号，每三个path_id排列承载2 bit
422,5,2,1,422,444,0.0,0.0,55939,0xda83,,72,32,路径序列：IP-ID标识path/片段序号，每三个path_id排列承载2 bit
423,5,1,1,423,444,0.0,0.0,54896,0xd670,,72,32,路径序列：IP-ID标识path/片段序号，每三个path_id排列承载2 bit
424,5,2,1,424,444,0.0,0.0,55949,0xda8d,,72,32,路径序列：IP-ID标识path/片段序号，每三个path_id排列承载2 bit
425,5,0,1,425,444,0.0,0.0,53263,0xd00f,,72,32,路径序列：IP-ID标识path/片段序号，每三个path_id排列承载2 bit
426,5,0,1,426,444,0.0,0.0,53260,0xd00c,,72,32,路径序列：IP-ID标识path/片段序号，每三个path_id排列承载2 bit
427,5,1,1,427,444,0.0,0.0,54908,0xd67c,,72,32,路径序列：IP-ID标识path/片段序号，每三个path_id排列承载2 bit
428,5,2,1,428,444,0.0,0.0,55945,0xda89,,72,32,路径序列：IP-ID标识path/片段序号，每三个path_id排列承载2 bit
429,5,0,1,429,444,0.0,0.0,53259,0xd00b,,72,32,路径序列：IP-ID标识path/片段序号，每三个path_id排列承载2 bit
430,5,2,1,430,444,0.0,0.0,55947,0xda8b,,72,32,路径序列：IP-ID标识path/片段序号，每三个path_id排列承载2 bit
431,5,1,1,431,444,0.0,0.0,54904,0xd678,,72,32,路径序列：IP-ID标识path/片段序号，每三个path_id排列承载2 bit
432,5,0,1,432,444,0.0,0.0,53270,0xd016,,72,32,路径序列：IP-ID标识path/片段序号，每三个path_id排列承载2 bit
433,5,1,1,433,444,0.0,0.0,54886,0xd666,,72,32,路径序列：IP-ID标识path/片段序号，每三个path_id排列承载2 bit
434,5,2,1,434,444,0.0,0.0,55959,0xda97,,72,32,路径序列：IP-ID标识path/片段序号，每三个path_id排列承载2 bit
435,5,0,1,435,444,0.0,0.0,53269,0xd015,,72,32,路径序列：IP-ID标识path/片段序号，每三个path_id排列承载2 bit
436,5,1,1,436,444,0.0,0.0,54883,0xd663,,72,32,路径序列：IP-ID标识path/片段序号，每三个path_id排列承载2 bit
437,5,2,1,437,444,0.0,0.0,55952,0xda90,,72,32,路径序列：IP-ID标识path/片段序号，每三个path_id排列承载2 bit
438,5,1,1,438,444,0.0,0.0,54881,0xd661,,72,32,路径序列：IP-ID标识path/片段序号，每三个path_id排列承载2 bit
439,5,0,1,439,444,0.0,0.0,53265,0xd011,,72,32,路径序列：IP-ID标识path/片段序号，每三个path_id排列承载2 bit
440,5,2,1,440,444,0.0,0.0,55965,0xda9d,,72,32,路径序列：IP-ID标识path/片段序号，每三个path_id排列承载2 bit
441,5,1,1,441,444,0.0,0.0,54894,0xd66e,,72,32,路径序列：IP-ID标识path/片段序号，每三个path_id排列承载2 bit
442,5,0,1,442,444,0.0,0.0,53276,0xd01c,,72,32,路径序列：IP-ID标识path/片段序号，每三个path_id排列承载2 bit
443,5,2,1,443,444,0.0,0.0,55966,0xda9e,,72,32,路径序列：IP-ID标识path/片段序号，每三个path_id排列承载2 bit
